{
  "microservice_a": {
    "requests": [
      1679815449.3938859,
      1679815451.9104166,
      1679815455.670732,
      1679815457.3169434,
      1679815461.0396879,
      1679815463.3408604
    ], 
    "responses": [
      1679815451.4158237,
      1679815454.501794,
      1679815456.190516,
      1679815457.927611,
      1679815461.995805,
      1679815464.5907195
    ]
  },
  "microservice_b": { 
    "requests": [
      1679815464.5907195,
      1679815628.419802,
      1679815633.0093014,
      1679815635.4356508,
      1679815638.6133087
    ], 
    "responses": [
      1679815465.1557474,
      1679815631.4714491,
      1679815634.8248508,
      1679815636.1816924
    ]
  },
  "microservice_c": {
    "requests": [
      1679815464.5907195
    ], 
    "responses": [
      1679815640.6761122
    ]
  },
  "microservice_d": { 
    "requests": [], 
    "responses": []
  }
}
